{
    "metadata": {
        "uvs": 0,
        "normals": 26,
        "version": 3,
        "generator": "io_three",
        "faces": 24,
        "vertices": 26,
        "type": "Geometry"
    },
    "normals": [0.11539,-0.993103,-0.019379,0.016846,-0.727073,0.686331,-0.651418,-0.571276,0.499252,-0.688314,-0.724326,-0.039247,0.090152,0.995911,0.00412,-0.675619,0.737236,0.00177,-0.569445,0.596149,0.565935,0.032136,0.675527,0.736625,0.999542,-0.01886,0.022523,0.741264,0.670247,0.03534,0.616535,0.462386,0.637196,0.762902,-0.037568,0.645375,-0.013031,0.107181,0.99414,-0.736045,0.042421,0.675558,-0.999908,0.004547,-0.012085,-0.568499,0.606983,-0.555284,-0.727165,0.002655,-0.686422,-0.003082,-0.016144,-0.999847,-0.020936,-0.736991,-0.675558,-0.573199,-0.61214,-0.544694,-0.017396,0.726524,-0.686911,0.578143,0.568407,-0.585345,0.701132,0.006592,-0.712973,0.578509,-0.570208,-0.583239,0.685507,-0.496323,0.53264,0.737632,-0.672445,-0.06061],
    "name": "CubeGeometry.3",
    "vertices": [1,-1,-1,1,-1,1,-1,-1,1,-1,-1,-1,1,1,-1,0.999999,1,1,-1,1,1,-1,1,-1,1,-1,0,0,-1,-1,1,-0,-1,-0,-0.86184,1.70964,0.663103,-0.240572,1.09876,-1,-1,-0,-1,0,1,-1,-0,-1,1,1,0,0,1,-1,-1e-06,1,1,-1,1,-0,-0.014908,-0.077789,-4.10097,-3.6688,0.01984,-0.052594,-0.041589,-0.113277,3.77739,4.08,-0.060385,-0.075334,0.395531,3.68545,0.018031,0.457518,-3.64674,-0.02999],
    "faces": [33,25,11,2,13,0,1,2,3,33,24,19,6,18,4,5,6,7,33,23,16,5,12,8,9,10,11,33,22,18,6,14,12,7,6,13,33,21,19,7,15,14,5,15,16,33,20,9,3,15,17,18,19,16,33,17,20,15,7,20,17,16,15,33,4,10,20,17,21,22,17,20,33,10,0,9,20,22,23,18,17,33,13,21,15,3,3,14,16,19,33,2,14,21,13,2,13,14,3,33,14,6,19,21,13,6,5,14,33,11,22,14,2,1,12,13,2,33,1,12,22,11,24,11,12,1,33,12,5,18,22,11,10,7,12,33,8,23,12,1,25,8,11,24,33,0,10,23,8,23,22,8,25,33,10,4,16,23,22,21,9,8,33,16,24,18,5,9,4,7,10,33,4,17,24,16,21,20,4,9,33,17,7,19,24,20,15,5,4,33,9,25,13,3,18,0,3,19,33,0,8,25,9,23,25,0,18,33,8,1,11,25,25,24,1,0],
    "uvs": []
}